<?xml version="1.0" standalone="yes"?>
<aspnetmaker date="2015/10/08" version="12.0.4" desc="default template" author="e.World Technology Ltd.">
	<!-- Common variables and functions used by template -->
	<control id="aspxcommon" type="function" ifiles="aspx-common.js" />
	<!-- web.config -->
	<control id="web.config" type="web.config" ofolder="~\" ofile="web" oext="config" ifiles="web.config">
		<session type="key" value="web.config" />
	</control>	
	<!-- Define output folders -->
	<control id="_css" type="folder" ofolder="aspxcss" />
	<control id="_cssfonts" type="folder" ofolder="aspxcss/fonts" />
	<control id="_js" type="folder" ofolder="aspxjs" />
	<control id="_txt" type="folder" ofolder="aspxtxt" />
	<control id="_images" type="folder" ofolder="aspximages" />
	<control id="_language" type="folder" ofolder="aspxlang" />
	<control id="_appcode" type="folder" ofolder="~\App_Code\{ProjClassName}" />
	<control id="_dllsource" type="folder" ofolder="~\App_Code\{ProjClassName}_dll" />
	<control id="_bin" type="folder" ofolder="~\Bin" />
	<!-- DLL -->
	<control id="bin" type="copy" ofolderid="_bin" ifolder="bin" />
	<!-- Npgsql -->
	<control id="npgsql" type="copy" ofolderid="_bin" ifolder="Npgsql" cond="function/IsPostgreSQL/Boolean/EQ/True" />
	<!-- Images -->
	<!-- Uncomment to use image folder
	<control id="images" type="copy" remark="Copy images" ofolderid="_images" ifolder="images" />
	-->
	<!--
		Bootstrap files
	-->
	<control id="_bootstrapcss" type="folder" ofolder="bootstrap3/css" />
	<control id="bootstrap" type="copy" remark="Copy Bootstrap files" ofolder="bootstrap3" ifolder="bootstrap" />

	<!--
		Colorbox files
	-->
	<control id="colorbox" type="copy" remark="Copy Colorbox files" ofolder="colorbox" ifolder="colorbox" />

	<!--
		project/bootstrap css (IMPORTANT NOTE: DO NOT CHANGE id)
	-->
	<control id="@css" type="system" remark="Create CSS file" ofolderid="_css" ofile="{PROJ.ProjVar}" oext="css" />
	<control id="@bootstrapcss" type="system" remark="Create Bootstrap CSS file" ofolderid="_bootstrapcss" ofile="bootstrap" oext="css" />
	<control id="@bootstrapthemecss" type="system" remark="Create Bootstrap Theme CSS file" ofolderid="_bootstrapcss" ofile="bootstrap-theme" oext="css" />

	<!--
		bootstrap font files
	-->
	<control id="bootstrapfonts" type="copy" remark="Copy font files" ofolderid="_cssfonts" ifolder="fonts" />

	<!-- JsRender -->
	<control id="jsrender.min.js" type="copy" ofolderid="_js" ifiles="jsrender.min.js" />
	<control id="jquery" type="copy" ofolder="jquery" ifolder="jquery" />
	<!-- copy typeahead.bundle.min.js -->
	<control id="typeahead.js" type="copy" ofolderid="_js" ofile="typeahead.bundle.min" oext="js" ifiles="typeahead.bundle.min.js" />
	<!-- copy handlebars.js -->
	<control id="handlebars.js" type="copy" ofolderid="_js" ofile="handlebars" oext="js" ifiles="handlebars.js" cond="proj/UseHandlebarsJs/EQ/True" />
	<!-- copy jquery files -->
	<control id="jquery.ui.widget.js" type="copy" ofolder="jqueryfileupload" ofile="jquery.ui.widget" oext="js" ifiles="jqueryfileupload/jquery.ui.widget.js" />
	<control id="load-image.min.js" type="copy" ofolder="jqueryfileupload" ofile="load-image.min" oext="js" ifiles="jqueryfileupload/load-image.min.js" />
	<control id="jqueryfileupload.min.js" type="copy" ofolder="jqueryfileupload" ofile="jqueryfileupload.min" oext="js" ifiles="jqueryfileupload/jqueryfileupload.min.js" />
	<control id="jquery.fileupload-ui.css" type="copy" ofolderid="_css" ifiles="jquery.fileupload-ui.css" />
	<!-- JavaScript -->
	<control id="ew.js" type="other" ofolderid="_js" ifiles="ewx.js" ofile="ewx12" oext="js">
		<session type="key" value="aspxcommon-config" ifile="aspxcommon.cshtml" />
		<session type="key" value="jscommon" />
	</control>	
	<!-- Text files -->
	<control id="forgotpwd.txt" type="copy" remark="Copy forgotpwd.txt" ofolderid="_txt" ifiles="forgotpwd.txt" />
	<control id="resetpwd.txt" type="copy" remark="Copy resetpwd.txt" ofolderid="_txt" ifiles="resetpwd.txt" />
	<control id="changepwd.txt" type="copy" remark="Copy changepwd.txt" ofolderid="_txt" ifiles="changepwd.txt" />
	<control id="notify.txt" type="copy" remark="Copy notify.txt" ofolderid="_txt" ifiles="notify.txt" />
	<!-- register text -->
	<control id="register.txt" type="other" ofolderid="_txt" ofile="register" oext="txt" space="False" ifiles="register.txt" cond="proj/SecRegisterPage/EQ/True,proj/SecType/EQ/Use Table|Both">
		<session type="key" value="registeremail" />
	</control>
	
	<!-- Global configuration file -->
	<control id="ewconfig" type="other" ofolderid="_dllsource" ofile="ewcfg12" oext="cs" ifiles="ewcfg.cs">
		<!-- configuration -->
		<session type="key" value="aspxcommon-config" ifile="aspxcommon.cshtml" />
		<session type="key" value="ewconfig" />
		<session type="key" value="ewconfigmenu" />
		<session type="key" value="ewconfigpdf" />
		<session type="key" value="ewconfigresize" />
		<session type="key" value="ewconfigend" />
	</control>
	
	<!-- Global variables -->
	<control id="ewglobal" type="other" ofolderid="_dllsource" ofile="ewglobal12" oext="cs" ifiles="ewglobal.cs">
		<!-- configuration -->
		<session type="key" value="aspxcommon-config" file="aspxcommon.cshtml"/>
		<session type="key" value="ewglobal"/>
	</control>
	
	<!-- Global Header, Menu and Footer -->
	
	<!-- layout page -->
	<control id="layout" type="other" ofile="_layout" oext="*html" ifiles="template.*html">
		<!-- configuration -->
		<session type="key" value="aspxcommon-config" ifile="aspxcommon.cshtml" />
		<session type="key" value="common_config" />
		<session type="key" value="header_top" />
		<session type="key" value="header_top_2" />
		<session type="key" value="header_top_3" />
		<session type="key" value="menu" />
		<session type="key" value="header_bottom" />
		<session type="key" value="footer" />
	</control>
	
	<!-- menu file -->
	<control id="menu" type="other" ofile="ewmenu" oext="*html" ifiles="ewmenu.*html">
		<!-- configuration -->
		<session type="key" value="aspxcommon-config" ifile="aspxcommon.*html" />
		<session type="key" value="menu" />
	</control>
	
	<!-- mobile menu -->
	<control id="mobilemenu" type="other" ofile="ewmobilemenu" oext="*html" ifiles="ewmenu.*html">
		<!-- configuration -->
		<session type="key" value="aspxcommon-config" ifile="aspxcommon.*html" />
		<session type="key" value="mobilemenu" />
	</control>

	<!-- menu file for report maker -->
	<control id="reportmenu" type="other" ofile="ewmenu2" oext="*html" ifiles="ewmenu.*html" cond="function/CompatOldReport/Boolean/EQ/True">
		<!-- configuration -->
		<session type="key" value="aspxcommon-config" ifile="aspxcommon.*html" />
		<session type="key" value="reportmenu" />
	</control>
	
	<!-- common classes and functions  -->
	<control id="aspxfn" type="other" ofolderid="_dllsource" ofile="aspxfn12" oext="cs" ifiles="aspxfn.cs">
		<!-- configuration -->
		<session type="key" value="aspxcommon-config" ifile="aspxcommon.cshtml" />
		<!-- classes and functions -->
		<session type="key" value="beginclass"/>
		<session type="key" value="commonfunctions"/>
		<session type="key" value="connectclass"/>
		<session type="key" value="thumbnailfunction" />
		<session type="key" value="advancedsearchclass" />
		<session type="key" value="fileuploadclass" />
		<session type="key" value="userprofileclass" />
		<session type="key" value="aspxfunction" />
		<session type="key" value="formfunction" />
		<session type="key" value="advsecuclass" />
		<session type="key" value="menuclass" />
		<session type="key" value="uploadfunction" />
		<session type="key" value="validatefunctions" />
		<session type="key" value="pdfclass" ifiles="pdf-script.cs"/>
		<session type="key" value="ewdb" ifile="ewdb.cs" cond="proj/GenDatabaseHelper/EQ/True" /><!-- database helper // ASPX -->
		<session type="key" value="endclass"/>
	</control>	
	
	<!-- server events -->
	<control id="ewevent" type="other" ofolderid="_appcode" ofile="ewevent12" oext="*" ifiles="ewevent.*">
		<session type="key" value="eventcode" />
	</control>
	
	<!-- user js functions -->
	<control id="userfn.js" type="other" ofolderid="_js" ofile="userfn12" oext="js" ifiles="userfn.js">
		<!-- functions -->
		<session type="key" value="userjs" />
	</control>
	
	<!-- view binary data -->
	<control id="ewbv" type="other" ofile="ewbv12" oext="*html" ifiles="ewbv.cshtml"><!-- Use C# file -->
		<!-- directive -->
		<session type="key" value="aspxcommon-directive" ifile="aspxcommon.*html" />
		<!-- configuration -->
		<session type="key" value="aspxcommon-config" ifile="aspxcommon.*html" />		
		<!-- initial codes -->
		<session type="key" value="aspxload" ifile="aspxcommon-scripts.*html" />		
	</control>
	<control id="ewbv" type="other" ofolderid="_dllsource" ofile="ewbv12" oext="cs" tagext="cs" ifiles="ewbv.cshtml">		
		<!-- directive -->
		<session type="key" value="aspxcommon-directive" ifile="aspxcommon.cshtml" />
		<!-- configuration -->
		<session type="key" value="aspxcommon-config" ifile="aspxcommon.cshtml" />		
		<!-- page class -->		
		<session type="key" value="aspxmain" />		
	</control>	

	<!-- ajax lookup -->
	<control id="lookup" type="other" ofile="ewlookup12" oext="*html" ifiles="ewlookup.*html">
		<!-- directive -->
		<session type="key" value="aspxcommon-directive" ifile="aspxcommon.*html" />
		<!-- configuration -->
		<session type="key" value="aspxcommon-config" ifile="aspxcommon.*html" />		
		<!-- initial codes -->
		<session type="key" value="aspxload" />
		<session type="key" value="aspxload" ifile="aspxcommon-scripts.*html" />		
	</control>
	<control id="lookup" type="other" ofolderid="_dllsource" ofile="ewlookup12" oext="cs" tagext="cs" ifiles="ewlookup.cshtml">		
		<!-- directive -->
		<session type="key" value="aspxcommon-directive" ifile="aspxcommon.cshtml" />
		<!-- configuration -->
		<session type="key" value="aspxcommon-config" ifile="aspxcommon.cshtml" />		
		<!-- page class -->		
		<session type="key" value="aspxmain" />		
	</control>
	
	<!-- upload -->
	<control id="ewupload" type="other" ofile="ewupload12" oext="*html" ifiles="ewupload.*html">
		<!-- directive -->
		<session type="key" value="aspxcommon-directive" ifile="aspxcommon.*html" />
		<!-- configuration -->
		<session type="key" value="aspxcommon-config" ifile="aspxcommon.*html" />		
		<!-- initial codes -->
		<session type="key" value="aspxload" />
		<session type="key" value="aspxload" ifile="aspxcommon-scripts.*html" />		
	</control>
	<control id="ewupload" type="other" ofolderid="_dllsource" ofile="ewupload12" oext="cs" tagext="cs" ifiles="ewupload.cshtml">		
		<!-- directive -->
		<session type="key" value="aspxcommon-directive" ifile="aspxcommon.cshtml" />
		<!-- configuration -->
		<session type="key" value="aspxcommon-config" ifile="aspxcommon.cshtml" />		
		<!-- page class -->		
		<session type="key" value="aspxmain" />		
	</control>

	<!-- export email -->
	<control id="ewemail" type="other" ofile="ewemail12" oext="*html" ifiles="ewemail.*html">
		<!-- configuration -->
		<session type="key" value="aspxcommon-config" ifile="aspxcommon.*html" />
		<!-- htm -->
		<session type="key" value="exportemail_htm" />
	</control>

	<!-- login -->
	<control id="login" type="other" ofile="login" oext="*html" ifiles="login.*html" cond="proj/SecType/EQ/Hard Code|Use Table|Both">
		<!-- has header/footer -->
		<session type="include" value="header" />
		<!-- config current table -->
		<session type="key" value="currenttable" />
		<!-- directive -->
		<session type="key" value="aspxcommon-directive" ifile="aspxcommon.*html" />
		<!-- configuration -->
		<session type="key" value="aspxcommon-config" ifile="aspxcommon.*html" />		
		<!-- initial codes -->
		<session type="key" value="aspxload" ifile="aspxcommon-scripts.*html" />
		<session type="key" value="clientscript" ifile="aspxcommon-scripts.*html" />
		<!-- htm -->
		<session type="key" value="login_htm" />
		<session type="key" value="clientstartupscript" ifile="aspxcommon-scripts.*html" />
		<!-- final codes -->
		<session type="key" value="aspxunload" ifile="aspxcommon-scripts.*html" />
	</control>
	<control id="login" type="other" ofolderid="_dllsource" ofile="login" oext="cs" tagext="cs" ifiles="login.cshtml"
			cond="proj/SecType/EQ/Hard Code|Use Table|Both">		
		<!-- config current table -->
		<session type="key" value="currenttable" />
		<!-- directive -->
		<session type="key" value="aspxcommon-directive" ifile="aspxcommon.cshtml" />
		<!-- configuration -->
		<session type="key" value="aspxcommon-config" ifile="aspxcommon.cshtml" />
		<!-- page class -->
		<session type="key" value="aspxpageclassbegin" ifile="aspxcommon-scripts.cshtml" />
		<session type="key" value="aspxmain" />
		<session type="key" value="aspxfunction" />
		<session type="key" value="aspxevents" ifile="aspxcommon-scripts.cshtml" />
		<session type="key" value="aspxevents" />
		<session type="key" value="aspxpageclassend" ifile="aspxcommon-scripts.cshtml" />
	</control>
	
	<!-- forgot password -->
	<control id="forgotpwd" type="other" ofile="forgotpwd" oext="*html" ifiles="forgotpwd.*html" cond="proj/SecForgetPwdPage/EQ/True,proj/SecType/EQ/Use Table|Both">
		<!-- has header/footer -->
		<session type="include" value="header" />
		<!-- config current table -->
		<session type="key" value="currenttable" />
		<!-- directive -->
		<session type="key" value="aspxcommon-directive" ifile="aspxcommon.*html" />
		<!-- configuration -->
		<session type="key" value="aspxcommon-config" ifile="aspxcommon.*html" />
		<session type="key" value="aspxcommon-table-config" ifile="aspxcommon-table.*html" />
		<!-- initial codes -->
		<session type="key" value="aspxload" ifile="aspxcommon-scripts.*html" />
		<session type="key" value="clientscript" ifile="aspxcommon-scripts.*html" />
		<!-- htm -->
		<session type="key" value="forgotpwd_htm" />
		<session type="key" value="clientstartupscript" ifile="aspxcommon-scripts.*html" />
		<!-- final codes -->
		<session type="key" value="aspxunload" ifile="aspxcommon-scripts.*html" />
	</control>
	<control id="forgotpwd" type="other" ofolderid="_dllsource" ofile="forgotpwd" oext="cs" tagext="cs" ifiles="forgotpwd.cshtml"  cond="proj/SecForgetPwdPage/EQ/True,proj/SecType/EQ/Use Table|Both">
		<!-- config current table -->
		<session type="key" value="currenttable" />
		<!-- directive -->
		<session type="key" value="aspxcommon-directive" ifile="aspxcommon.cshtml" />
		<!-- configuration -->
		<session type="key" value="aspxcommon-config" ifile="aspxcommon.cshtml" />
		<session type="key" value="aspxcommon-table-config" ifile="aspxcommon-table.cshtml" />
		<!-- page class -->
		<session type="key" value="aspxpageclassbegin" ifile="aspxcommon-scripts.cshtml" />
		<session type="key" value="aspxmain" />
		<session type="key" value="aspxfunction" />
		<session type="key" value="aspxevents" ifile="aspxcommon-scripts.cshtml" />
		<session type="key" value="aspxevents" />
		<session type="key" value="aspxpageclassend" ifile="aspxcommon-scripts.cshtml" />		
	</control>
	
	<!-- change password -->
	<control id="changepwd" type="other" ofile="changepwd" oext="*html" ifiles="changepwd.*html" cond="proj/SecChangePwdPage/EQ/True,proj/SecType/EQ/Use Table|Both">
		<!-- has header/footer -->
		<session type="include" value="header" />
		<!-- config current table -->
		<session type="key" value="currenttable" />
		<!-- directive -->
		<session type="key" value="aspxcommon-directive" ifile="aspxcommon.*html" />
		<!-- configuration -->
		<session type="key" value="aspxcommon-config" ifile="aspxcommon.*html" />
		<session type="key" value="aspxcommon-table-config" ifile="aspxcommon-table.*html" />		
		<!-- initial codes -->
		<session type="key" value="aspxload" ifile="aspxcommon-scripts.*html" />
		<session type="key" value="clientscript" ifile="aspxcommon-scripts.*html" />
		<!-- htm -->
		<session type="key" value="changepwd_htm" />
		<session type="key" value="clientstartupscript" ifile="aspxcommon-scripts.*html" />
		<!-- final codes -->
		<session type="key" value="aspxunload" ifile="aspxcommon-scripts.*html" />
	</control>
	<control id="changepwd" type="other" ofolderid="_dllsource" ofile="changepwd" oext="cs" tagext="cs" ifiles="changepwd.cshtml" cond="proj/SecChangePwdPage/EQ/True,proj/SecType/EQ/Use Table|Both">
		<!-- config current table -->
		<session type="key" value="currenttable" />
		<!-- directive -->
		<session type="key" value="aspxcommon-directive" ifile="aspxcommon.cshtml" />
		<!-- configuration -->
		<session type="key" value="aspxcommon-config" ifile="aspxcommon.cshtml" />
		<session type="key" value="aspxcommon-table-config" ifile="aspxcommon-table.cshtml" />
		<!-- page class -->
		<session type="key" value="aspxpageclassbegin" ifile="aspxcommon-scripts.cshtml" />
		<session type="key" value="aspxmain" />
		<session type="key" value="aspxfunction" />
		<session type="key" value="aspxevents" ifile="aspxcommon-scripts.cshtml" />
		<session type="key" value="aspxevents" />
		<session type="key" value="aspxpageclassend" ifile="aspxcommon-scripts.cshtml" />		
	</control>
	
	<!-- register -->
	<control id="register" type="other" ofile="register" oext="*html" ifiles="register.*html" cond="proj/SecRegisterPage/EQ/True,proj/SecType/EQ/Use Table|Both">
		<!-- has header/footer -->
		<session type="include" value="header" />
		<!-- config current table -->
		<session type="key" value="currenttable" />
		<!-- directive -->
		<session type="key" value="aspxcommon-directive" ifile="aspxcommon.*html" />
		<!-- configuration -->
		<session type="key" value="aspxcommon-config" ifile="aspxcommon.*html" />
		<session type="key" value="aspxcommon-table-config" ifile="aspxcommon-table.*html" />		
		<!-- initial codes -->
		<session type="key" value="aspxload" ifile="aspxcommon-scripts.*html" />
		<!-- js -->
		<session type="key" value="js_local_begin" ifile="ew_addon.js" />
		<session type="key" value="js_local_end" ifile="ew_addon.js" />
		<session type="key" value="clientscript" ifile="aspxcommon-scripts.*html" />
		<!-- htm -->
		<session type="key" value="htmtable" />
		<session type="key" value="clientstartupscript" ifile="aspxcommon-scripts.*html" />
		<!-- final codes -->
		<session type="key" value="aspxunload" ifile="aspxcommon-scripts.*html" />
	</control>
	<control id="register" type="other" ofolderid="_dllsource" ofile="register" oext="cs" tagext="cs" ifiles="register.cshtml" cond="proj/SecRegisterPage/EQ/True,proj/SecType/EQ/Use Table|Both">
		<!-- config current table -->
		<session type="key" value="currenttable" />
		<!-- directive -->
		<session type="key" value="aspxcommon-directive" ifile="aspxcommon.cshtml" />
		<!-- configuration -->
		<session type="key" value="aspxcommon-config" ifile="aspxcommon.cshtml" />
		<session type="key" value="aspxcommon-table-config" ifile="aspxcommon-table.cshtml" />
		<!-- page class -->
		<session type="key" value="aspxpageclassbegin" ifile="aspxcommon-scripts.cshtml" />
		<session type="key" value="aspxmain" />
		<session type="key" value="aspxfunction" />
		<session type="key" value="sharefunction" ifile="share-script.cshtml" />
		<session type="key" value="audittrail" ifile="audittrail.cshtml" />
		<session type="key" value="aspxevents" ifile="aspxcommon-scripts.cshtml" />
		<session type="key" value="aspxevents" />
		<session type="key" value="aspxpageclassend" ifile="aspxcommon-scripts.cshtml" />		
	</control>
	
	<!-- user privilege -->
	<control id="userpriv" type="other" ofile="userpriv" oext="*html" ifiles="userpriv.*html" cond="db/UseDynamicUserLevel/EQ/True,db/UserLevelTbl/NE/''">
		<!-- has header/footer -->
		<session type="include" value="header" />
		<!-- config current table -->
		<session type="key" value="currenttable" />
		<!-- directive -->
		<session type="key" value="aspxcommon-directive" ifile="aspxcommon.*html" />
		<!-- configuration -->
		<session type="key" value="aspxcommon-config" ifile="aspxcommon.*html" />
		<session type="key" value="aspxcommon-table-config" ifile="aspxcommon-table.*html" />
		<!-- page config -->
		<session type="key" value="aspxconfig" />		
		<!-- initial codes -->
		<session type="key" value="aspxload" ifile="aspxcommon-scripts.*html" />
		<!-- js -->
		<session type="key" value="js_local_begin" ifile="ew_addon.js" />
		<session type="key" value="js_local_end" ifile="ew_addon.js" />
		<session type="key" value="clientscript" ifile="aspxcommon-scripts.*html" />
		<!-- htm -->
		<session type="key" value="htmtable" />
		<session type="key" value="clientstartupscript" ifile="aspxcommon-scripts.*html" />
		<!-- final codes -->
		<session type="key" value="aspxunload" ifile="aspxcommon-scripts.*html" />
	</control>
	<control id="userpriv" type="other" ofolderid="_dllsource" ofile="userpriv" oext="cs" tagext="cs" ifiles="userpriv.cshtml" cond="proj/SecType/EQ/Use Table|Both,db/UseDynamicUserLevel/EQ/True,db/UserLevelTbl/NE/''">
		<!-- config current table -->
		<session type="key" value="currenttable" />
		<!-- directive -->
		<session type="key" value="aspxcommon-directive" ifile="aspxcommon.cshtml" />
		<!-- configuration -->
		<session type="key" value="aspxcommon-config" ifile="aspxcommon.cshtml" />
		<session type="key" value="aspxcommon-table-config" ifile="aspxcommon-table.cshtml" />
		<!-- page config -->
		<session type="key" value="aspxconfig" />
		<!-- page class -->
		<session type="key" value="aspxpageclassbegin" ifile="aspxcommon-scripts.cshtml" />
		<session type="key" value="aspxmain" />
		<session type="key" value="aspxfunction" />
		<session type="key" value="aspxevents" ifile="aspxcommon-scripts.cshtml" />
		<session type="key" value="aspxpageclassend" ifile="aspxcommon-scripts.cshtml" />		
	</control>
	
	<!-- logout -->
	<control id="logout" type="other" ofile="logout" oext="*html" ifiles="logout.cshtml" cond="proj/SecType/EQ/Hard Code|Use Table|Both"><!-- Use C# version -->
		<!-- config current table -->
		<session type="key" value="currenttable" />
		<!-- directive -->
		<session type="key" value="aspxcommon-directive" ifile="aspxcommon.*html" />
		<!-- configuration -->
		<session type="key" value="aspxcommon-config" ifile="aspxcommon.*html" />		
		<!-- initial codes -->
		<session type="key" value="aspxload" ifile="aspxcommon-scripts.*html" />
		<!-- final codes -->
		<session type="key" value="aspxunload" ifile="aspxcommon-scripts.*html" />
	</control>
	<control id="logout" type="other" ofolderid="_dllsource" ofile="logout" oext="cs" tagext="cs" ifiles="logout.cshtml" cond="proj/SecType/EQ/Hard Code|Use Table|Both">
		<!-- config current table -->
		<session type="key" value="currenttable" />
		<!-- directive -->
		<session type="key" value="aspxcommon-directive" ifile="aspxcommon.cshtml" />
		<!-- configuration -->
		<session type="key" value="aspxcommon-config" ifile="aspxcommon.cshtml" />
		<!-- page class -->
		<session type="key" value="aspxpageclassbegin" ifile="aspxcommon-scripts.cshtml" />
		<session type="key" value="aspxmain" />
		<session type="key" value="aspxevents" ifile="aspxcommon-scripts.cshtml" />
		<session type="key" value="aspxevents" />
		<session type="key" value="aspxpageclassend" ifile="aspxcommon-scripts.cshtml" />		
	</control>
	
	<!-- Default page -->
	<control id="default" type="simple" ofile="default" oext="*html" ifiles="index.*html">
		<!-- directive -->
		<session type="key" value="aspxcommon-directive" ifile="aspxcommon.*html" />
		<!-- configuration -->
		<session type="key" value="aspxcommon-config" ifile="aspxcommon.*html" />		
		<!-- initial codes -->
		<session type="key" value="aspxload" ifile="aspxcommon-scripts.*html" />
		<!-- htm -->
		<session type="key" value="default_htm" />
		<!-- final codes -->
		<session type="key" value="aspxunload" ifile="aspxcommon-scripts.*html" />
	</control>
	<control id="default" type="simple" ofolderid="_dllsource" ofile="default" oext="cs" tagext="cs" ifiles="index.cshtml">
		<!-- directive -->
		<session type="key" value="aspxcommon-directive" ifile="aspxcommon.cshtml" />
		<!-- configuration -->
		<session type="key" value="aspxcommon-config" ifile="aspxcommon.cshtml" />
		<!-- page class -->
		<session type="key" value="aspxpageclassbegin" ifile="aspxcommon-scripts.cshtml" />
		<session type="key" value="aspxmain" />
		<session type="key" value="aspxevents" ifile="aspxcommon-scripts.cshtml" />
		<session type="key" value="aspxpageclassend" ifile="aspxcommon-scripts.cshtml" />
	</control>
	
	<!-- Table specific files, one set for each table -->
	
	<!-- table common information -->
	<control id="info" type="table" remark="Required by all table related pages" ofolderid="_dllsource" ofile="info" oext="cs" ifiles="info.cs">
		<!-- configuration -->
		<session type="key" value="aspxcommon-config" ifile="aspxcommon.cshtml" />
		<session type="key" value="aspxcommon-table-config" ifile="aspxcommon-table.cshtml" />
		<session type="key" value="infoconfig" />
		<!-- class info -->
		<session type="key" value="infoclass" />
	</control>
	
	<!-- table master view -->
	<control id="master" type="table" ofile="master" oext="*html" ifiles="master-script.*html" cond="table/TblIsMaster/EQ/True">
		<!-- configuration -->
		<session type="key" value="aspxcommon-config" ifile="aspxcommon.*html" />
		<session type="key" value="aspxcommon-table-config" ifile="aspxcommon-table.*html" />
		<!-- htm -->
		<session type="key" value="masterhtm" />
	</control>	
	<control id="master" type="table" ofolderid="_appcode" ofile="master" oext="*" tagext="*" ifiles="class-script.*" cond="table/TblIsMaster/EQ/True">
		<!-- directive -->
		<session type="key" value="aspxcommon-directive" ifile="aspxcommon.*html" />
		<!-- configuration -->
		<session type="key" value="aspxcommon-config" ifile="aspxcommon.*html" />
		<session type="key" value="aspxcommon-table-config" ifile="aspxcommon-table.*html" />
		<session type="key" value="eventcode" />
	</control>
	
	<!-- table list page -->
	<control id="list" type="table" ofile="list" oext="*html" ifiles="list-script.*html">
		<!-- has header/footer -->
		<session type="include" value="header" />
		<!-- directive -->
		<session type="key" value="aspxcommon-directive" ifile="aspxcommon.*html" />
		<!-- configuration -->
		<session type="key" value="aspxcommon-config" ifile="aspxcommon.*html" />
		<session type="key" value="aspxcommon-table-config" ifile="aspxcommon-table.*html" />
		<!-- page config -->
		<session type="key" value="aspxconfig" />		
		<!-- initial codes -->
		<session type="key" value="aspxload" ifile="aspxcommon-scripts.*html" />
		<session type="key" value="export-check-all-start" ifile="export-check.*html" />
		<!-- js -->
		<session type="key" value="js_local_begin" ifile="ew_addon.js" />
		<session type="key" value="js_local_end" ifile="ew_addon.js" />
		<session type="key" value="clientscript" ifile="aspxcommon-scripts.*html" />
		<session type="key" value="export-check-all-end" ifile="export-check.*html" />
		<!-- htm header -->
		<session type="key" value="htmheader" />
		<!-- htm master -->
		<session type="key" value="htmmaster" />
		<!-- load data -->
		<session type="key" value="aspxloadrecordset" /><!-- ??? -->
		<!-- search htm -->
		<session type="key" value="searchchkbegin" ifile="list-script-search.*html" />
		<session type="key" value="htmsearch" ifile="list-script-search.*html" />
		<session type="key" value="searchchkend" ifile="list-script-search.*html" />
		<!-- htm main -->
		<session type="key" value="htmmain" />
		<session type="key" value="export-check-all-start" ifile="export-check.*html" />
		<session type="key" value="clientstartupscript" ifile="aspxcommon-scripts.*html" />
		<session type="key" value="export-check-all-end" ifile="export-check.*html" />
		<!-- final codes -->
		<session type="key" value="aspxunload" ifile="aspxcommon-scripts.*html" />
	</control>
	<control id="list" type="table" ofolderid="_dllsource" ofile="list" oext="cs" tagext="cs" ifiles="list-script.cshtml">
		<!-- directive -->
		<session type="key" value="aspxcommon-directive" ifile="aspxcommon.cshtml" />
		<!-- configuration -->
		<session type="key" value="aspxcommon-config" ifile="aspxcommon.cshtml" />
		<session type="key" value="aspxcommon-table-config" ifile="aspxcommon-table.cshtml" />
		<!-- page config -->
		<session type="key" value="aspxconfig" />
		<!-- page class -->
		<session type="key" value="aspxpageclassbegin" ifile="aspxcommon-scripts.cshtml" />
		<session type="key" value="aspxmain" />
		<session type="key" value="listfunction" ifile="list-script-function.cshtml" />
		<session type="key" value="setuplistoptionsext-start" ifile="list-script-function.cshtml" />
		<session type="key" value="setuplistoptionsext-end" ifile="list-script-function.cshtml" />
		<session type="key" value="renderlistoptionsext-start" ifile="list-script-function.cshtml" />
		<session type="key" value="renderlistoptionsext-end" ifile="list-script-function.cshtml" />
		<session type="key" value="pagerfunction" ifile="pager.cshtml" />
		<session type="key" value="sharefunction" ifile="share-script.cshtml" />
		<session type="key" value="audittrail" ifile="audittrail.cshtml" />
		<session type="key" value="aspxevents" ifile="aspxcommon-scripts.cshtml" />
		<session type="key" value="aspxevents" />
		<session type="key" value="aspxpageclassend" ifile="aspxcommon-scripts.cshtml" />		
	</control>
	
	<!-- detail grid -->
	<control id="grid" type="table" ofile="grid" oext="*html" ifiles="list-script.*html" cond="table/TblIsDetail/EQ/True">
		<!-- directive -->
		<session type="key" value="aspxcommon-directive" ifile="aspxcommon.*html" />
		<!-- configuration -->
		<session type="key" value="aspxcommon-config" ifile="aspxcommon.*html" />
		<session type="key" value="aspxcommon-table-config" ifile="aspxcommon-table.*html" />
		<!-- page config -->
		<session type="key" value="aspxconfig" />		
		<!-- initial codes -->
		<session type="key" value="aspxload" ifile="aspxcommon-scripts.*html" />
		<!-- js -->
		<session type="key" value="export-check-all-start" ifile="export-check.*html" />
		<session type="key" value="js_local_begin" ifile="ew_addon.js" />
		<session type="key" value="js_local_end" ifile="ew_addon.js" />
		<session type="key" value="export-check-all-end" ifile="export-check.*html" />
		<!-- htm main -->
		<session type="key" value="htmheader" />
		<session type="key" value="aspxloadrecordset" />
		<session type="key" value="htmmain" />
		<!-- final codes -->
		<session type="key" value="aspxunload" ifile="aspxcommon-scripts.*html" />
	</control>	
	<control id="grid" type="table" ofolderid="_dllsource" ofile="grid" oext="cs" tagext="cs" ifiles="list-script.cshtml" cond="table/TblIsDetail/EQ/True">
		<!-- directive -->
		<session type="key" value="aspxcommon-directive" ifile="aspxcommon.cshtml" />
		<!-- configuration -->
		<session type="key" value="aspxcommon-config" ifile="aspxcommon.cshtml" />
		<session type="key" value="aspxcommon-table-config" ifile="aspxcommon-table.cshtml" />
		<!-- page class functions -->
		<session type="key" value="aspxpageclassbegin" ifile="aspxcommon-scripts.cshtml" />
		<session type="key" value="aspxmain" />
		<session type="key" value="listfunction" ifile="list-script-function.cshtml" />
		<session type="key" value="renderlistoptionsext-start" ifile="list-script-function.cshtml" />
		<session type="key" value="renderlistoptionsext-end" ifile="list-script-function.cshtml" />
		<session type="key" value="pagerfunction" ifile="pager.cshtml" />
		<session type="key" value="sharefunction" ifile="share-script.cshtml" />
		<session type="key" value="audittrail" ifile="audittrail.cshtml" />
		<session type="key" value="aspxevents" ifile="aspxcommon-scripts.cshtml" />
		<session type="key" value="aspxevents" />
		<session type="key" value="aspxpageclassend" ifile="aspxcommon-scripts.cshtml" />
	</control>
	<control id="gridcls" type="table" ofolderid="_appcode" ofile="gridcls" oext="*" ifiles="class-script.*" cond="table/TblIsDetail/EQ/True">
		<!-- directive -->
		<session type="key" value="aspxcommon-directive" ifile="aspxcommon.*html" />
		<!-- configuration -->
		<session type="key" value="aspxcommon-config" ifile="aspxcommon.*html" />
		<session type="key" value="aspxcommon-table-config" ifile="aspxcommon-table.*html" />
		<session type="key" value="eventcode" />
	</control>	
	
	<!-- table add page -->
	<control id="add" type="table" ofile="add" oext="*html" ifiles="add-script.*html" cond="table/TblAdd/EQ/True">
		<!-- has header/footer -->
		<session type="include" value="header" />
		<!-- directive -->
		<session type="key" value="aspxcommon-directive" ifile="aspxcommon.*html" />
		<!-- configuration -->
		<session type="key" value="aspxcommon-config" ifile="aspxcommon.*html" />
		<session type="key" value="aspxcommon-table-config" ifile="aspxcommon-table.*html" />		
		<!-- initial codes -->
		<session type="key" value="aspxload" ifile="aspxcommon-scripts.*html" />
		<!-- js -->
		<session type="key" value="js_local_begin" ifile="ew_addon.js" />
		<session type="key" value="js_local_end" ifile="ew_addon.js" />
		<session type="key" value="clientscript" ifile="aspxcommon-scripts.*html" />
		<!-- htm -->
		<session type="key" value="htmtable" />
		<session type="key" value="clientstartupscript" ifile="aspxcommon-scripts.*html" />
		<!-- final codes -->
		<session type="key" value="aspxunload" ifile="aspxcommon-scripts.*html" />
	</control>
	<control id="add" type="table" ofolderid="_dllsource" ofile="add" oext="cs" tagext="cs" ifiles="add-script.cshtml" cond="table/TblAdd/EQ/True">
		<!-- directive -->
		<session type="key" value="aspxcommon-directive" ifile="aspxcommon.*html" />
		<!-- configuration -->
		<session type="key" value="aspxcommon-config" ifile="aspxcommon.cshtml" />
		<session type="key" value="aspxcommon-table-config" ifile="aspxcommon-table.cshtml" />
		<!-- page class -->
		<session type="key" value="aspxpageclassbegin" ifile="aspxcommon-scripts.cshtml" />
		<session type="key" value="aspxmain" />
		<session type="key" value="sharefunction" ifile="share-script.cshtml" />
		<session type="key" value="audittrail" ifile="audittrail.cshtml" />
		<session type="key" value="aspxevents" ifile="aspxcommon-scripts.cshtml" />
		<session type="key" value="aspxevents" />
		<session type="key" value="aspxpageclassend" ifile="aspxcommon-scripts.cshtml" />
	</control>
	
	<!-- table add option page -->
	<control id="addopt" type="table" ofile="addopt" oext="*html" ifiles="addopt-script.*html" cond="table/TblAddOpt/EQ/True">
		<!-- directive -->
		<session type="key" value="aspxcommon-directive" ifile="aspxcommon.*html" />
		<!-- configuration -->
		<session type="key" value="aspxcommon-config" ifile="aspxcommon.*html" />
		<session type="key" value="aspxcommon-table-config" ifile="aspxcommon-table.*html" />		
		<!-- initial codes -->
		<session type="key" value="aspxload" ifile="aspxcommon-scripts.*html" />
		<!-- js -->
		<session type="key" value="js_local_begin" ifile="ew_addon.js" />
		<session type="key" value="js_local_end" ifile="ew_addon.js" />
		<session type="key" value="clientscript" ifile="aspxcommon-scripts.*html" />
		<!-- htm -->
		<session type="key" value="htmtable" />
		<session type="key" value="clientstartupscript" ifile="aspxcommon-scripts.*html" />
		<!-- final codes -->
		<session type="key" value="aspxunload" ifile="aspxcommon-scripts.*html" />
	</control>
	<control id="addopt" type="table" ofolderid="_dllsource" ofile="addopt" oext="cs" tagext="cs" ifiles="addopt-script.cshtml" cond="table/TblAddOPt/EQ/True">
		<!-- directive -->
		<session type="key" value="aspxcommon-directive" ifile="aspxcommon.cshtml" />
		<!-- configuration -->
		<session type="key" value="aspxcommon-config" ifile="aspxcommon.cshtml" />
		<session type="key" value="aspxcommon-table-config" ifile="aspxcommon-table.cshtml" />
		<!-- page class -->
		<session type="key" value="aspxpageclassbegin" ifile="aspxcommon-scripts.cshtml" />
		<session type="key" value="aspxmain" />
		<session type="key" value="sharefunction" ifile="share-script.cshtml" />
		<session type="key" value="audittrail" ifile="audittrail.cshtml" />
		<session type="key" value="aspxevents" ifile="aspxcommon-scripts.cshtml" />
		<session type="key" value="aspxevents" />
		<session type="key" value="aspxpageclassend" ifile="aspxcommon-scripts.cshtml" />
	</control>
	
	<!-- table view page -->
	<control id="view" type="table" ofile="view" oext="*html" ifiles="view-script.*html" cond="table/TblView/EQ/True">
		<!-- has header/footer -->
		<session type="include" value="header" />
		<!-- directive -->
		<session type="key" value="aspxcommon-directive" ifile="aspxcommon.*html" />
		<!-- configuration -->
		<session type="key" value="aspxcommon-config" ifile="aspxcommon.*html" />
		<session type="key" value="aspxcommon-table-config" ifile="aspxcommon-table.*html" />		
		<!-- initial codes -->
		<session type="key" value="aspxload" ifile="aspxcommon-scripts.*html" />
		<!-- js -->
		<!-- export check start -->
		<session type="key" value="export-check-all-start" ifile="export-check.*html" />
		<session type="key" value="js_local_begin" ifile="ew_addon.js" />
		<session type="key" value="js_local_end" ifile="ew_addon.js" />
		<session type="key" value="clientscript" ifile="aspxcommon-scripts.*html" />
		<!-- export check end -->
		<session type="key" value="export-check-all-end" ifile="export-check.*html" />
		<!-- htm -->
		<session type="key" value="htmtable" />
		<!-- export check start -->
		<session type="key" value="export-check-all-start" ifile="export-check.*html" />
		<session type="key" value="clientstartupscript" ifile="aspxcommon-scripts.*html" />
		<!-- export check end -->
		<session type="key" value="export-check-all-end" ifile="export-check.*html" />
		<!-- final codes -->
		<session type="key" value="aspxunload" ifile="aspxcommon-scripts.*html" />
	</control>
	<control id="view" type="table" ofolderid="_dllsource" ofile="view" oext="cs" tagext="cs" ifiles="view-script.cshtml" cond="table/TblView/EQ/True">
		<!-- directive -->
		<session type="key" value="aspxcommon-directive" ifile="aspxcommon.cshtml" />
		<!-- configuration -->
		<session type="key" value="aspxcommon-config" ifile="aspxcommon.cshtml" />
		<session type="key" value="aspxcommon-table-config" ifile="aspxcommon-table.cshtml" />
		<!-- page class -->
		<session type="key" value="aspxpageclassbegin" ifile="aspxcommon-scripts.cshtml" />
		<session type="key" value="aspxmain" />
		<session type="key" value="aspxfunction" />
		<session type="key" value="pagerfunction" ifile="pager.cshtml" />
		<session type="key" value="sharefunction" ifile="share-script.cshtml" />
		<session type="key" value="aspxevents" ifile="aspxcommon-scripts.cshtml" />
		<session type="key" value="aspxpageclassend" ifile="aspxcommon-scripts.cshtml" />		
	</control>
	
	<!-- table edit page -->
	<control id="edit" type="table" ofile="edit" oext="*html" ifiles="edit-script.*html" cond="table/TblEdit/EQ/True">
		<!-- has header/footer -->
		<session type="include" value="header" />
		<!-- directive -->
		<session type="key" value="aspxcommon-directive" ifile="aspxcommon.*html" />
		<!-- configuration -->
		<session type="key" value="aspxcommon-config" ifile="aspxcommon.*html" />
		<session type="key" value="aspxcommon-table-config" ifile="aspxcommon-table.*html" />		
		<!-- initial codes -->
		<session type="key" value="aspxload" ifile="aspxcommon-scripts.*html" />
		<!-- js -->
		<session type="key" value="js_local_begin" ifile="ew_addon.js" />
		<session type="key" value="js_local_end" ifile="ew_addon.js" />
		<session type="key" value="clientscript" ifile="aspxcommon-scripts.*html" />
		<!-- htm -->
		<session type="key" value="htmtable" />
		<session type="key" value="clientstartupscript" ifile="aspxcommon-scripts.*html" />
		<!-- final codes -->
		<session type="key" value="aspxunload" ifile="aspxcommon-scripts.*html" />
	</control>
	<control id="edit" type="table" ofolderid="_dllsource" ofile="edit" oext="cs" tagext="cs" ifiles="edit-script.cshtml" cond="table/TblEdit/EQ/True">
		<!-- directive -->
		<session type="key" value="aspxcommon-directive" ifile="aspxcommon.cshtml" />
		<!-- configuration -->
		<session type="key" value="aspxcommon-config" ifile="aspxcommon.cshtml" />
		<session type="key" value="aspxcommon-table-config" ifile="aspxcommon-table.cshtml" />
		<!-- page class -->
		<session type="key" value="aspxpageclassbegin" ifile="aspxcommon-scripts.cshtml" />
		<session type="key" value="aspxmain" />
		<session type="key" value="pagerfunction" ifile="pager.cshtml" />
		<session type="key" value="sharefunction" ifile="share-script.cshtml" />
		<session type="key" value="audittrail" ifile="audittrail.cshtml" />
		<session type="key" value="aspxevents" ifile="aspxcommon-scripts.cshtml" />
		<session type="key" value="aspxevents" />
		<session type="key" value="aspxpageclassend" ifile="aspxcommon-scripts.cshtml" />		
	</control>
	
	<!-- table multi update page -->
	<control id="update" type="table" ofile="update" oext="*html" ifiles="update-script.*html" cond="table/TblMultiUpdate/EQ/True">
		<!-- has header/footer -->
		<session type="include" value="header" />
		<!-- directive -->
		<session type="key" value="aspxcommon-directive" ifile="aspxcommon.*html" />
		<!-- configuration -->
		<session type="key" value="aspxcommon-config" ifile="aspxcommon.*html" />
		<session type="key" value="aspxcommon-table-config" ifile="aspxcommon-table.*html" />		
		<!-- initial codes -->
		<session type="key" value="aspxload" ifile="aspxcommon-scripts.*html" />
		<!-- js -->
		<session type="key" value="js_local_begin" ifile="ew_addon.js" />
		<session type="key" value="js_local_end" ifile="ew_addon.js" />
		<session type="key" value="clientscript" ifile="aspxcommon-scripts.*html" />
		<!-- htm -->
		<session type="key" value="htmtable" />
		<session type="key" value="clientstartupscript" ifile="aspxcommon-scripts.*html" />
		<!-- final codes -->
		<session type="key" value="aspxunload" ifile="aspxcommon-scripts.*html" />
	</control>
	<control id="update" type="table" ofolderid="_dllsource" ofile="update" oext="cs" tagext="cs" ifiles="update-script.cshtml" cond="table/TblMultiUpdate/EQ/True">
		<!-- directive -->
		<session type="key" value="aspxcommon-directive" ifile="aspxcommon.cshtml" />
		<!-- configuration -->
		<session type="key" value="aspxcommon-config" ifile="aspxcommon.cshtml" />
		<session type="key" value="aspxcommon-table-config" ifile="aspxcommon-table.cshtml" />
		<!-- page class -->
		<session type="key" value="aspxpageclassbegin" ifile="aspxcommon-scripts.cshtml" />
		<session type="key" value="aspxmain" />
		<session type="key" value="aspxfunction" />
		<session type="key" value="sharefunction" ifile="share-script.cshtml" />
		<session type="key" value="audittrail" ifile="audittrail.cshtml" />
		<session type="key" value="aspxevents" ifile="aspxcommon-scripts.cshtml" />
		<session type="key" value="aspxevents" />
		<session type="key" value="aspxpageclassend" ifile="aspxcommon-scripts.cshtml" />		
	</control>
	
	<!-- table delete page -->
	<control id="delete" type="table" ofile="delete" oext="*html" ifiles="delete-script.*html" cond="table/TblDelete/EQ/True">
		<!-- has header/footer -->
		<session type="include" value="header" />
		<!-- directive -->
		<session type="key" value="aspxcommon-directive" ifile="aspxcommon.*html" />
		<!-- configuration -->
		<session type="key" value="aspxcommon-config" ifile="aspxcommon.*html" />
		<session type="key" value="aspxcommon-table-config" ifile="aspxcommon-table.*html" />		
		<!-- initial codes -->
		<session type="key" value="aspxload" ifile="aspxcommon-scripts.*html" />
		<!-- js -->
		<session type="key" value="js_local_begin" ifile="ew_addon.js" />
		<session type="key" value="js_local_end" ifile="ew_addon.js" />
		<session type="key" value="clientscript" ifile="aspxcommon-scripts.*html" />
		<!-- htm -->
		<session type="key" value="htmtable" />
		<session type="key" value="clientstartupscript" ifile="aspxcommon-scripts.*html" />
		<!-- final codes -->
		<session type="key" value="aspxunload" ifile="aspxcommon-scripts.*html" />
	</control>
	<control id="delete" type="table" ofolderid="_dllsource" ofile="delete" oext="cs" tagext="cs" ifiles="delete-script.cshtml" cond="table/TblDelete/EQ/True">		
		<!-- directive -->
		<session type="key" value="aspxcommon-directive" ifile="aspxcommon.cshtml" />
		<!-- configuration -->
		<session type="key" value="aspxcommon-config" ifile="aspxcommon.cshtml" />
		<session type="key" value="aspxcommon-table-config" ifile="aspxcommon-table.cshtml" />
		<!-- page class -->
		<session type="key" value="aspxpageclassbegin" ifile="aspxcommon-scripts.cshtml" />
		<session type="key" value="aspxmain" />
		<session type="key" value="aspxfunction" />
		<session type="key" value="sharefunction" ifile="share-script.cshtml" />
		<session type="key" value="audittrail" ifile="audittrail.cshtml" />
		<session type="key" value="aspxevents" ifile="aspxcommon-scripts.cshtml" />
		<session type="key" value="aspxevents" />
		<session type="key" value="aspxpageclassend" ifile="aspxcommon-scripts.cshtml" />		
	</control>
	
	<!-- table search page -->
	<control id="search" type="table" ofile="srch" oext="*html" ifiles="search-script.*html" cond="table/TblSearch/EQ/True">
		<!-- has header/footer -->
		<session type="include" value="header" />
		<!-- directive -->
		<session type="key" value="aspxcommon-directive" ifile="aspxcommon.*html" />
		<!-- configuration -->
		<session type="key" value="aspxcommon-config" ifile="aspxcommon.*html" />
		<session type="key" value="aspxcommon-table-config" ifile="aspxcommon-table.*html" />		
		<!-- initial codes -->
		<session type="key" value="aspxload" ifile="aspxcommon-scripts.*html" />
		<!-- js -->
		<session type="key" value="js_local_begin" ifile="ew_addon.js" />
		<session type="key" value="js_local_end" ifile="ew_addon.js" />
		<session type="key" value="clientscript" ifile="aspxcommon-scripts.*html" />
		<!-- htm -->
		<session type="key" value="htmtable" />
		<session type="key" value="clientstartupscript" ifile="aspxcommon-scripts.*html" />
		<!-- final codes -->
		<session type="key" value="aspxunload" ifile="aspxcommon-scripts.*html" />
	</control>
	<control id="search" type="table" ofolderid="_dllsource" ofile="srch" oext="cs" tagext="cs" ifiles="search-script.cshtml" cond="table/TblSearch/EQ/True">
		<!-- directive -->
		<session type="key" value="aspxcommon-directive" ifile="aspxcommon.cshtml" />
		<!-- configuration -->
		<session type="key" value="aspxcommon-config" ifile="aspxcommon.cshtml" />
		<session type="key" value="aspxcommon-table-config" ifile="aspxcommon-table.cshtml" />
		<!-- page class -->
		<session type="key" value="aspxpageclassbegin" ifile="aspxcommon-scripts.cshtml" />
		<session type="key" value="aspxmain" />
		<session type="key" value="aspxfunction" />
		<session type="key" value="sharefunction" ifile="share-script.cshtml" />
		<session type="key" value="aspxevents" ifile="aspxcommon-scripts.cshtml" />
		<session type="key" value="aspxevents" />
		<session type="key" value="aspxpageclassend" ifile="aspxcommon-scripts.cshtml" />		
	</control>	
	
	<!-- Blob Field related file -->
	<control id="blobview" type="field" ofile="_bv" oext="*html" ifiles="ewgetfile.cshtml" cond="field/FldHtmlTag/EQ/FILE"><!-- Use C# file -->
		<!-- directive -->
		<session type="key" value="aspxcommon-directive" ifile="aspxcommon.*html" />
		<!-- configuration -->
		<session type="key" value="aspxcommon-config" ifile="aspxcommon.*html" />
		<session type="key" value="aspxcommon-table-config" ifile="aspxcommon-table.*html" />		
		<!-- initial codes -->
		<session type="key" value="aspxload" ifile="aspxcommon-scripts.*html" />
		<!-- final codes -->
		<session type="key" value="aspxunload" ifile="aspxcommon-scripts.*html" />
	</control>
	<control id="blobview" type="field" ofolderid="_dllsource" ofile="_bv" oext="cs" tagext="cs" ifiles="ewgetfile.cshtml" cond="field/FldHtmlTag/EQ/FILE">
		<!-- directive -->
		<session type="key" value="aspxcommon-directive" ifile="aspxcommon.cshtml" />
		<!-- configuration -->
		<session type="key" value="aspxcommon-config" ifile="aspxcommon.cshtml" />
		<session type="key" value="aspxcommon-table-config" ifile="aspxcommon-table.cshtml" />
		<!-- page class -->
		<session type="key" value="aspxpageclassbegin" ifile="aspxcommon-scripts.cshtml" />
		<session type="key" value="aspxmain" />
		<session type="key" value="aspxevents" ifile="aspxcommon-scripts.cshtml" />
		<session type="key" value="aspxpageclassend" ifile="aspxcommon-scripts.cshtml" />		
	</control>	
	
	<!-- Report related -->
	<control id="info" type="report" ofolderid="_dllsource" ofile="info" oext="cs" ifiles="info.cs" cond="table/TblReportType/NE/custom">
		<!-- configuration -->
		<session type="key" value="aspxcommon-config" ifile="aspxcommon.cshtml" />
		<session type="key" value="aspxcommon-table-config" ifile="aspxcommon-table.cshtml" />
		<session type="key" value="infoconfig" ifile="info.cs" />
		<session type="key" value="infoclass" ifile="info.cs" />
	</control>	
	<control id="report" type="report" ofile="report" oext="*html" ifiles="report.*html" cond="table/TblReportType/NE/custom">
		<!-- has header/footer -->
		<session type="include" value="header" />
		<!-- directive -->
		<session type="key" value="aspxcommon-directive" ifile="aspxcommon.*html" />
		<!-- configuration -->
		<session type="key" value="aspxcommon-config" ifile="aspxcommon.*html" />
		<session type="key" value="aspxcommon-table-config" ifile="aspxcommon-table.*html" />
		<!-- <session type="key" value="infoconfig" ifile="info.cs" />
		<session type="key" value="infoclass" ifile="info.cs" /> -->
		<!-- page config -->
		<session type="key" value="aspxconfig" />		
		<!-- initial codes -->
		<session type="key" value="aspxload" ifile="aspxcommon-scripts.*html" />
		<session type="key" value="export-check-all-start" ifile="export-check.*html" />
		<session type="key" value="clientscript" ifile="aspxcommon-scripts.*html" />
		<session type="key" value="export-check-all-end" ifile="export-check.*html" />
		<!-- htm -->
		<session type="key" value="reportcontent" />
		<session type="key" value="export-check-all-start" ifile="export-check.*html" />
		<session type="key" value="clientstartupscript" ifile="aspxcommon-scripts.*html" />
		<!-- export check end -->
		<session type="key" value="export-check-all-end" ifile="export-check.*html" />
		<!-- final codes -->
		<session type="key" value="aspxunload" ifile="aspxcommon-scripts.*html" />
	</control>
	<control id="report" type="report" ofolderid="_dllsource" ofile="report" oext="cs" tagext="cs" ifiles="report.cshtml" cond="table/TblReportType/NE/custom">
		<!-- directive -->
		<session type="key" value="aspxcommon-directive" ifile="aspxcommon.cshtml" />
		<!-- configuration -->
		<session type="key" value="aspxcommon-config" ifile="aspxcommon.cshtml" />
		<session type="key" value="aspxcommon-table-config" ifile="aspxcommon-table.cshtml" />
		<!-- page config -->
		<session type="key" value="aspxconfig" />
		<!-- page class -->
		<session type="key" value="aspxpageclassbegin" ifile="aspxcommon-scripts.cshtml" />
		<session type="key" value="aspxmain" />
		<session type="key" value="aspxfunction" />
		<session type="key" value="sharefunction" ifile="share-script.cshtml" />
		<session type="key" value="report_export_functions" ifile="aspxcommon-scripts.cshtml" />
		<session type="key" value="aspxevents" ifile="aspxcommon-scripts.cshtml" />
		<session type="key" value="aspxpageclassend" ifile="aspxcommon-scripts.cshtml" />
	</control>
	
	<!-- custom file -->
	<control id="custom" type="report" ofile="" oext="*html" ifiles="custom.*html" cond="table/TblReportType/EQ/custom">		
		<session type="key" value="content" />	
	</control>
	<control id="custom" type="report" ofolderid="_dllsource" ofile="" oext="cs" tagext="cs" ifiles="custom.cshtml" cond="table/TblReportType/EQ/custom">
		<!-- directive -->
		<session type="key" value="aspxcommon-directive" ifile="aspxcommon.cshtml" />
		<!-- configuration -->
		<session type="key" value="aspxcommon-config" ifile="aspxcommon.cshtml" />
		<session type="key" value="aspxcommon-table-config" ifile="aspxcommon-table.cshtml" />
		<!-- page class -->
		<session type="key" value="aspxpageclassbegin" ifile="aspxcommon-scripts.cshtml" />
		<session type="key" value="aspxmain" />
		<session type="key" value="aspxfunction" />
		<session type="key" value="sharefunction" ifile="share-script.cshtml" />
		<session type="key" value="aspxevents" ifile="aspxcommon-scripts.cshtml" />		
		<session type="key" value="aspxpageclassend" ifile="aspxcommon-scripts.cshtml" />		
	</control>		

</aspnetmaker>